0,1,2,3,4,5,6,7,8,9,10,11,12,13,14,15,16,17,18,19,20,21,22,23,24,25,26,27,28,29,30,31,32,33,34,35,36,37,38,39,40,41,42,43,44,45,46,47,48,49
0.53226346,0.0,0.4737177,0.0,0.0,0.0,0.0,0.6746467,0.0,0.0,0.7478002,0.679692,0.0,0.0,0.0,0.0,0.0,0.0,0.0,0.0,0.0,0.0,0.6709382,0.44639522,0.6147154,0.0,0.56448925,0.68199635,0.523113,0.0,0.0,0.5757766,0.7334205,0.0,0.0,0.0,0.80609804,0.44820467,0.35273513,0.0,0.6635575,1.047293,1.2058911,0.57831615,0.0,0.0,0.0042488966,0.0,0.5201663,0.0
0.5392138,0.0,0.38403797,0.0,0.0,0.0,0.0,0.50491005,0.0,0.0,0.51056683,0.595632,0.0,0.0,0.0,0.0,0.0,0.0,0.0,0.0,0.0,0.0,0.74798506,0.3896462,0.58918774,0.0,0.59244907,0.6942689,0.545978,0.0,0.0,0.4876791,0.64403254,0.0,0.0,0.0,0.7600039,0.3926702,0.37169537,0.0,0.63201946,0.99337083,1.1515799,0.5289397,0.0,0.0,0.0,0.0,0.54599553,0.0
0.5749429,0.0,0.50034684,0.0,0.0,0.0,0.0,0.73435044,0.0,0.0,0.6466787,0.89472514,0.0,0.0,0.0,0.0,0.0,0.0,0.0,0.0,0.0,0.0,0.7988968,0.41983795,0.63717353,0.0,0.5598331,0.7373355,0.54072005,0.0,0.0,0.6324338,0.7631624,0.0,0.0,0.0,0.8753536,0.3964294,0.40255386,0.0,0.76074386,1.2087522,1.1766758,0.5605163,0.0,0.0,0.20981675,0.0,0.640224,0.0
0.45126283,0.0,0.46883675,0.0,0.0,0.0,0.0,0.5922949,0.0,0.0,0.8905659,0.35058668,0.0,0.0,0.0,0.0,0.0,0.0,0.0,0.0,0.008888947,0.0,0.5320922,0.36654845,0.57009864,0.0,0.6978661,0.48696908,0.5288058,0.0,0.0,0.72576296,0.7290764,0.0,0.0,0.0,0.82441306,0.5616444,0.5774307,0.0,0.66381377,1.0380638,1.0007473,0.54477406,0.0,0.0,0.0,0.0,0.53467363,0.0
0.72138625,0.0,0.664655,0.0,0.0,0.0,0.0,0.6442946,0.0,0.0,0.97406095,0.6631055,0.0,0.0,0.0,0.0,0.0,0.0,0.0,0.0,0.0,0.0,0.63501614,0.8306981,0.8362777,0.0,0.9602566,0.83457416,0.858161,0.0,0.0,0.70029026,0.9946305,0.0,0.0,0.0,1.0115426,0.66684234,0.5160213,0.0,0.98083675,1.108868,1.2904449,0.74043244,0.0,0.0,0.0,0.0,0.6682044,0.0
0.4290539,0.0,0.46605843,0.0,0.0,0.0,0.0,0.4868456,0.0,0.0,0.8470327,0.42624277,0.0,0.0,0.0,0.0,0.0,0.0,0.0,0.0,0.0,0.0,0.47271723,0.4181163,0.5576008,0.0,0.7320626,0.5387014,0.5156351,0.0,0.0,0.6209392,0.6929267,0.0,0.0,0.0,0.7829227,0.5158216,0.50657195,0.0,0.648258,0.98205703,0.9425658,0.5026768,0.0,0.0,0.0,0.0,0.4917118,0.0
0.67334455,0.0,0.63353074,0.0,0.0,0.0,0.0,0.72167736,0.0,0.0,0.7471194,0.9096705,0.0,0.0,0.0,0.0,0.0,0.0,0.0,0.0,0.0,0.0,1.0056436,0.3917423,0.875371,0.0,0.78531206,0.970081,0.51024073,0.0,0.0,0.62963736,0.9215578,0.0,0.0,0.0,1.0317268,0.4940431,0.40010843,0.0,0.85741717,1.4193522,1.3935263,0.6692056,0.0,0.0,0.30133623,0.0,0.7284987,0.0
0.7092514,0.0,0.74781483,0.0,0.0,0.0,0.0,0.50971365,0.0,0.0,0.6290081,0.9145013,0.0,0.0,0.0,0.0,0.0,0.0,0.0,0.0,0.0,0.0,0.7561671,0.6719464,1.000799,0.0,0.8050544,0.9942806,0.75774807,0.0,0.0,0.561271,0.9645973,0.0,0.0,0.0,1.082761,0.6336044,0.26519606,0.0,0.9490942,1.1022545,1.3183616,0.71340734,0.0,0.0,0.0,0.0,0.7295383,0.0
0.60825664,0.0,0.55883825,0.0,0.0,0.0,0.0,0.8191333,0.0,0.0,0.7602275,0.6557271,0.0,0.0,0.0,0.0,0.0,0.0,0.0,0.0,0.0,0.0,0.614833,0.386342,0.6738223,0.0,0.5643565,0.5736475,0.566191,0.0,0.0,0.6691688,0.8284189,0.0,0.0,0.0,0.8460657,0.43119478,0.5547616,0.0,0.7982785,1.0177737,1.0737761,0.6780432,0.0,0.0,0.36842254,0.0,0.6677044,0.0
0.8811327,0.0,0.9299276,0.0,0.0,0.0,0.0,0.67093796,0.0,0.0,0.71366566,1.2669055,0.0,0.0,0.0,0.0,0.0,0.0,0.0,0.0,0.0,0.0,1.0340842,0.77434033,1.1449186,0.0,0.98550487,1.0849047,0.8009934,0.0,0.0,0.55278516,1.2319795,0.0,0.0,0.0,1.1359179,0.5903015,0.025079835,0.0,1.0770621,1.3622441,1.3126465,0.7288658,0.0,0.0,0.0,0.0,0.9193419,0.0
0.6041837,0.0,0.62113136,0.0,0.0,0.0,0.0,0.7066853,0.0,0.0,0.60832995,1.2279549,0.0,0.0,0.0,0.0,0.0,0.0,0.0,0.0,0.0,0.0,0.8984117,0.5138514,0.78416973,0.0,0.54362166,0.773599,0.63542646,0.0,0.0,0.6901223,0.94089466,0.0,0.0,0.0,1.0421879,0.5303444,0.34127402,0.0,0.8814521,1.2869551,1.0498512,0.57109284,0.0,0.0,0.0,0.0,0.93070793,0.0
0.66356784,0.0,0.5705626,0.0,0.0,0.0,0.0,0.84211427,0.0,0.0,0.7926415,0.7830106,0.0,0.0,0.0,0.0,0.0,0.0,0.0,0.0,0.0,0.0,0.8445737,0.4562692,0.70319575,0.0,0.63533837,0.72642505,0.6096275,0.0,0.0,0.7458364,0.8435011,0.0,0.0,0.0,0.90829355,0.49044332,0.5673412,0.0,0.8795392,1.2548506,1.2346606,0.64447075,0.0,0.0,0.48204282,0.0,0.68656796,0.0
0.44496435,0.0,0.48089448,0.0,0.0,0.0,0.0,0.55027926,0.0,0.0,0.71235424,0.39244553,0.0,0.0,0.0,0.0,0.0,0.0,0.0,0.0,0.0,0.0,0.42062297,0.43363094,0.7054136,0.0,0.53267777,0.56575423,0.5141984,0.0,0.0,0.5651883,0.68627536,0.0,0.0,0.0,0.66477865,0.546352,0.4434474,0.0,0.6721144,0.7537649,0.93222827,0.5270848,0.0,0.0,0.25357893,0.0,0.5288909,0.0
0.6782548,0.0,0.7050498,0.0,0.0,0.0,0.0,0.73260295,0.0,0.0,0.65842617,1.3259901,0.0,0.0,0.0,0.0,0.0,0.0,0.0,0.0,0.0,0.0,0.94053847,0.6053271,0.8811474,0.0,0.6198885,0.8232201,0.72285956,0.0,0.0,0.7097032,1.0372851,0.0,0.0,0.0,1.0904309,0.5662303,0.30823335,0.0,0.962571,1.3338268,1.0657963,0.6254272,0.0,0.0,0.0,0.0,0.9989792,0.0
0.63372296,0.0,0.6185214,0.0,0.0,0.0,0.0,0.76495934,0.0,0.0,0.76267976,0.708753,0.0,0.0,0.0,0.0,0.0,0.0,0.0,0.0,0.0,0.0,0.763051,0.36437985,0.82967025,0.0,0.72740054,0.77544165,0.47955793,0.0,0.0,0.59725386,0.8346488,0.0,0.0,0.0,0.93147516,0.45827016,0.44438523,0.0,0.81843746,1.1185545,1.1576854,0.69395345,0.0,0.0,0.42657378,0.0,0.6352111,0.0
0.7109635,0.0,0.6926359,0.0,0.0,0.0,0.0,0.54915535,0.0,0.0,0.51960725,1.0571872,0.0,0.0,0.0,0.0,0.0,0.0,0.0,0.0,0.0,0.0,0.8685199,0.5658346,1.0099369,0.0,0.7384608,0.9278679,0.711451,0.0,0.0,0.59952825,0.8509165,0.0,0.0,0.0,1.1053611,0.585467,0.3407623,0.0,0.92960185,1.1530212,1.2751466,0.68731034,0.0,0.0,0.0,0.0,0.7880219,0.0
0.71096355,0.0,0.69263595,0.0,0.0,0.0,0.0,0.54915535,0.0,0.0,0.51960725,1.0571871,0.0,0.0,0.0,0.0,0.0,0.0,0.0,0.0,0.0,0.0,0.86851996,0.5658346,1.009937,0.0,0.7384607,0.9278682,0.7114511,0.0,0.0,0.59952825,0.85091656,0.0,0.0,0.0,1.105361,0.585467,0.3407623,0.0,0.92960197,1.1530211,1.2751465,0.68731034,0.0,0.0,0.0,0.0,0.7880219,0.0
0.36349964,0.0,0.508097,0.0,0.0,0.0,0.0,0.47269344,0.0,0.0,0.54383904,0.78064,0.0,0.0,0.0,0.0,0.0,0.0,0.013204838,0.0,0.0,0.0,0.6339235,0.34414256,0.6276938,0.0,0.5162591,0.5821997,0.44149333,0.0,0.0,0.5957046,0.6151643,0.0,0.0,0.0,0.8101281,0.52356756,0.44024444,0.0,0.6854567,1.0179669,0.9656649,0.47311395,0.0,0.0,0.17015037,0.0,0.62102085,0.0
0.6242607,0.0,0.6263633,0.0,0.0,0.0,0.0,0.8015243,0.0,0.0,0.9049472,0.6577458,0.0,0.0,0.0,0.0,0.0,0.0,0.0,0.0,0.0,0.0,0.79417235,0.41195098,0.88404053,0.0,0.80544454,0.8115099,0.54804224,0.0,0.0,0.66739935,0.8884546,0.0,0.0,0.0,0.969854,0.50488305,0.56259954,0.0,0.93641347,1.1678604,1.2161914,0.686421,0.0,0.0,0.6056441,0.0,0.65275335,0.0
0.56091225,0.0,0.64198494,0.0,0.0,0.0,0.0,0.37472636,0.0,0.0,0.5831141,0.8702592,0.0,0.0,0.0,0.0,0.0,0.0,0.0,0.0,0.0,0.0,0.71391404,0.5527492,0.8458852,0.0,0.78179216,0.79396147,0.56546897,0.0,0.0,0.5166475,0.814305,0.0,0.0,0.0,0.9001885,0.65036607,0.3289567,0.0,0.8635983,1.1325955,1.0209061,0.50696236,0.0,0.0,0.0,0.0,0.6456703,0.0
0.7430599,0.0,0.7184473,0.0,0.0,0.0,0.0,0.8443265,0.0,0.0,0.9609435,0.51171637,0.0,0.0,0.0,0.0,0.0,0.0,0.0,0.0,0.0,0.0,0.80157065,0.5543753,0.92774546,0.0,0.7568832,0.7252056,0.71214664,0.0,0.0,0.9160284,0.8592968,0.0,0.0,0.0,0.99127007,0.77310884,0.7716211,0.0,0.98532647,1.186232,1.3613423,0.75102097,0.0,0.0,0.705569,0.0,0.74382067,0.0
0.8885688,0.0,0.81866086,0.0,0.0,0.0,0.0,1.0233644,0.0,0.0,1.0086952,0.77123,0.0,0.0,0.0,0.0,0.0,0.0,0.0,0.0,0.0,0.0,1.0378661,0.49379987,1.0815356,0.0,0.9311946,0.9111807,0.6456052,0.0,0.0,0.877411,1.0614748,0.0,0.0,0.0,1.1634816,0.6737577,0.7482978,0.0,1.1565623,1.4691277,1.4562966,0.8666643,0.0,0.0,0.9032048,0.0,0.825373,0.0
0.79413706,0.0,0.7022982,0.0,0.0,0.0,0.0,0.8208796,0.0,0.0,1.0351548,0.5407505,0.0,0.0,0.0,0.0,0.0,0.0,0.0,0.0,0.0,0.0,0.6961041,0.4631113,1.0105399,0.0,0.81773764,0.7517566,0.6471715,0.0,0.0,0.7628621,0.98182434,0.0,0.0,0.0,1.0039401,0.7086146,0.69595,0.0,0.9135343,1.1735834,1.1204805,0.76872814,0.0,0.0,0.61439514,0.0,0.68556654,0.0
1.1239594,0.0,1.002141,0.0,0.0,0.0,0.0,1.1909788,0.0,0.0,1.1373537,0.9132094,0.0,0.0,0.0,0.0,0.0,0.0,0.0,0.0,0.0,0.0,1.423069,0.5771471,1.3006784,0.0,1.1473553,1.1162275,0.7471013,0.0,0.0,1.1072307,1.3312708,0.0,0.0,0.0,1.4258125,0.83424354,0.9589598,0.0,1.4188852,1.9694175,1.8815453,0.97954947,0.0,0.0,1.1766741,0.0,1.0203619,0.0
0.77388036,0.0,0.76879,0.0,0.0,0.0,0.0,0.4077194,0.0,0.0,0.5733178,1.033883,0.0,0.0,0.0,0.0,0.0,0.0,0.0,0.0,0.0,0.0,0.86432683,0.7666075,1.1435457,0.0,1.0361457,1.044042,0.8129604,0.0,0.0,0.4814005,1.1446515,0.0,0.0,0.0,1.1152315,0.6959214,0.13967389,0.0,1.0946193,1.1699097,1.2376626,0.65760887,0.0,0.0,0.0,0.0,0.87842184,0.0
0.7170891,0.0,0.77308285,0.0,0.0,0.0,0.0,0.45496976,0.0,0.0,0.6628913,1.1702921,0.0,0.0,0.0,0.0,0.0,0.0,0.0,0.0,0.0,0.0,0.73911273,0.7515638,0.9585305,0.0,0.83852965,0.71995056,0.83664674,0.0,0.0,0.47793442,1.0355375,0.0,0.0,0.0,0.9294907,0.68547785,0.20892745,0.0,1.0645077,1.0822814,0.9359359,0.4644884,0.0,0.0,0.0,0.0,0.8238742,0.0
0.74522495,0.0,0.72805077,0.0,0.0,0.0,0.0,0.7061005,0.0,0.0,0.76199186,0.6423439,0.0,0.0,0.0,0.0,0.0,0.0,0.0,0.0,0.0,0.0,0.93812114,0.4882199,1.0646752,0.0,0.8118042,0.86616546,0.59431154,0.0,0.0,0.7818279,0.834982,0.0,0.0,0.0,1.0672265,0.6968857,0.68969274,0.0,0.9898922,1.2678732,1.3579295,0.7510461,0.0,0.0,0.8378669,0.0,0.74246955,0.0
0.54506725,0.0,0.6109715,0.0,0.0,0.0,0.0,0.31873146,0.0,0.0,0.5503852,0.7958012,0.0,0.0,0.0,0.0,0.0,0.0,0.0,0.0,0.0,0.0,0.62831736,0.67299145,0.9738017,0.0,0.92860824,0.79709774,0.7230038,0.0,0.0,0.30367434,0.9996186,0.0,0.0,0.0,0.8565046,0.5609602,0.09162669,0.0,0.982682,0.8862606,0.88286984,0.50860816,0.0,0.0,0.0,0.0,0.75030494,0.0
0.17657365,0.0,0.16335556,0.0,0.0,0.003386259,0.0,0.21305747,0.0,0.0,0.15173379,0.27025494,0.0,0.0,0.0,0.0,0.0,0.0,0.0,0.0,0.0,0.0,0.23716372,0.06647668,0.38844132,0.0,0.099654675,0.14682609,0.16947995,0.0,0.0,0.09015967,0.32858503,0.0,0.0,0.0,0.26456118,0.23276778,0.07979641,0.0,0.31889307,0.2951464,0.41438216,0.1999059,0.0,0.0,0.0,0.0,0.22307068,0.0
0.6359479,0.0,0.8170219,0.0,0.0,0.0,0.0,0.16240005,0.0,0.0,0.09779403,0.9410056,0.0,0.0,0.0,0.0,0.0,0.0,0.0,0.0,0.0,0.0,0.75565165,0.39538515,0.88925666,0.0,0.7302669,0.7327101,0.35070258,0.0,0.0,0.12208949,0.8905633,0.0,0.0,0.0,0.7649311,0.57193375,0.0,0.0,0.7292899,0.830271,0.7897486,0.51054597,0.0,0.0,0.0,0.0,0.74501204,0.0
0.39308178,0.067465425,0.52531993,0.0,0.26482737,0.0,0.0,0.55934346,0.0,0.09676179,0.7541766,0.19258326,0.0,0.0,0.15031219,0.0,0.0,0.032494895,0.15031001,0.0,0.19247736,0.15993659,0.2919057,0.10088629,0.62476504,0.27322307,0.36868423,0.23120204,0.40511298,0.045159906,0.0,0.5577195,0.7459652,0.0,0.025097407,0.0,0.63091344,0.4408489,0.52148694,0.10454529,0.66202015,0.7936415,0.6428663,0.58973783,0.0,0.0,0.20946167,0.041911356,0.5889243,0.03510333
0.3688193,0.0,0.36603597,0.0,0.30894175,0.0,0.0,0.62194276,0.0,0.03563221,0.61222094,0.27900875,0.06452985,0.0,0.28559402,0.13492045,0.13854364,0.049557164,0.45900995,0.0,0.4009989,0.29720876,0.6701244,0.16719058,0.41949964,0.20006,0.462568,0.3024936,0.4123897,0.21732013,0.0,0.70016354,0.6723781,0.0,0.0,0.0,0.6356776,0.3805073,0.50271004,0.26745123,0.5699553,0.913377,0.90897447,0.48532104,0.0,0.05953954,0.33315954,0.0,0.5001846,0.0
0.70239604,0.0,0.805919,0.0,0.0,0.0,0.0,0.32813564,0.0,0.0,0.6560568,0.79328126,0.0,0.0,0.0,0.0,0.0,0.0,0.0,0.0,0.0,0.0,0.65841264,0.81794107,1.2374454,0.0,1.0002145,0.622157,0.9101909,0.0,0.0,0.24622656,1.2836164,0.0,0.0,0.0,0.77346736,0.7733933,0.10538037,0.0,1.2291783,0.8187272,0.5251681,0.5639379,0.0,0.0,0.0,0.0,1.1563737,0.0
0.1480632,0.0,0.31000113,0.0,0.0,0.0,0.0,0.12045769,0.0,0.0,0.37073165,0.2959514,0.0,0.0,0.0,0.0,0.0,0.0,0.0,0.0,0.0,0.0,0.21952112,0.17045526,0.4158305,0.012184748,0.35385206,0.30224046,0.2570094,0.0,0.0,0.21789484,0.40930235,0.0,0.0,0.0,0.42268357,0.31264013,0.19176297,0.0,0.37092158,0.48099053,0.41611636,0.21772909,0.0,0.0,0.0,0.0,0.30349526,0.0
0.090499595,0.0,0.23292421,0.0,0.0,0.0,0.0,0.22367541,0.0,0.0,0.04019262,0.6239662,0.0,0.0,0.0,0.0,0.0,0.0,0.0,0.0,0.0,0.0,0.27255672,0.04084439,0.25348726,0.0,0.20599008,0.20583162,0.008849561,0.0,0.0,0.0,0.37778226,0.0,0.0,0.0,0.30752337,0.12157158,0.0,0.0,0.25254562,0.38825023,0.30699843,0.20828468,0.0,0.0,0.0,0.0,0.36800006,0.0
0.2327018,0.0,0.3871466,0.0,0.28176585,0.0,0.0,0.28851166,0.0,0.0,0.5411359,0.20020276,0.0,0.0,0.10262233,0.024410244,0.0,0.0,0.19239883,0.0,0.17195849,0.19661736,0.5635058,0.053062517,0.55128527,0.08625376,0.5904403,0.36978048,0.3638891,0.0,0.13372476,0.3593164,0.6366104,0.0,0.0,0.0,0.5852428,0.3259397,0.43154785,0.08591667,0.55311036,0.9387283,0.74097717,0.29544228,0.0056442637,0.0,0.3781223,0.0,0.49057862,0.0
0.0,0.0,0.0,0.0,0.0,0.055582684,0.0,0.0,0.0,0.1291565,0.0,0.064445846,0.0,0.0,0.0,0.0,0.0,0.0,0.0,0.0,0.0,0.0,0.0,0.0,0.0075309584,0.20966598,0.0043385103,0.0,0.0,0.0,0.0,0.0,0.09851813,0.0,0.20915546,0.0,0.0,0.088168345,0.0,0.017378837,0.0,0.0,0.0,0.0,0.0,0.0,0.0,0.0,0.021647727,0.0
0.0,0.0,0.0,0.0,0.031784136,0.0,0.0,0.0,0.0,0.16319875,0.0,0.046306785,0.0,0.0,0.03616398,0.0,0.0,0.0,0.0,0.0,0.0,0.085938826,0.0,0.0,0.0,0.23820873,0.0,0.0,0.0,0.0,0.0,0.0,0.04702207,0.0,0.21034077,0.0,0.0,0.038309015,0.0,0.07659266,0.0,0.021688044,0.0,0.0,0.0,0.0,0.0,0.0,0.012104788,0.0
0.0,0.0,0.0,0.0,0.0,0.2447327,0.0,0.0,0.0,0.22928438,0.0,0.0,0.0,0.0,0.11506061,0.0,0.0,0.0,0.0,0.0,0.0,0.0,0.0,0.0,0.0,0.192826,0.031013492,0.0,0.0,0.0,0.0,0.0,0.10080156,0.0,0.18876652,0.0,0.0,0.097836316,0.0,0.0,0.0,0.0,0.0,0.0,0.0,0.0,0.0,0.0,0.0,0.0
0.0,0.0,0.0,0.0,0.0,0.2434956,0.0,0.0,0.07124275,0.26806784,0.0,0.0,0.0,0.0,0.20211235,0.025055338,0.08399093,0.026194083,0.0,0.030412473,0.0,0.046095684,0.0,0.0,0.0,0.22000402,0.0,0.0,0.0,0.0,0.0,0.0,0.0,0.0,0.1972194,0.0,0.0,0.014264442,0.0,0.10267955,0.0,0.0,0.0,0.0,0.0,0.0,0.0,0.0,0.0,0.057724003
0.0,0.0,0.0,0.0,0.09652169,0.33717543,0.0,0.0,0.0,0.29230323,0.0,0.0,0.0,0.0,0.19424252,0.0804808,0.0,0.0,0.0,0.0048340075,0.0,0.052390438,0.0,0.0,0.0,0.18134493,0.0,0.0,0.0,0.067961305,0.0,0.0,0.0,0.0,0.26526883,0.0,0.0,0.0,0.0,0.20687118,0.0,0.0,0.0,0.0,0.025941454,0.0,0.0,0.0,0.0,0.0
0.0,0.0,0.084679075,0.0,0.0,0.0,0.0,0.0,0.0,0.0,0.0,0.3799033,0.0,0.0,0.0,0.0,0.0,0.0,0.0,0.0,0.0,0.0,0.16383219,0.0,0.15530601,0.00076866103,0.043769244,0.06060412,0.0,0.0,0.0,0.0,0.1528192,0.0,0.029710632,0.0,0.08531202,0.09284372,0.0,0.0,0.06359456,0.12447371,0.11819949,0.0746721,0.0,0.0,0.0,0.0,0.116834916,0.0
0.0,0.0,0.0,0.0,0.0,0.37815338,0.0,0.0,0.063527636,0.4100984,0.0,0.0,0.0,0.0,0.33056203,0.0,0.07555449,0.03156811,0.0,0.057478312,0.0,0.047237,0.0,0.0,0.0,0.3249845,0.0,0.0,0.0,0.0,0.0,0.0,0.0,0.0,0.36542952,0.0,0.0,0.0,0.0,0.13777784,0.0,0.0,0.0,0.0,0.0,0.0,0.0,0.0,0.0,0.04894556
0.0,0.14482582,0.05606949,0.0,0.06870948,0.0,0.0,0.053270094,0.0,0.08687174,0.02122432,0.1573668,0.014647547,0.0,0.029371917,0.0,0.018212685,0.0,0.0,0.0,0.083011985,0.2684511,0.06867281,0.0,0.07757238,0.19910936,0.027296623,0.06821866,0.0,0.0008165166,0.009118948,0.0,0.13473226,0.0,0.07595761,0.0,0.12812564,0.115461975,0.0061466023,0.03210565,0.024736833,0.3153327,0.17178969,0.018953253,0.0,0.0,0.0,0.0,0.15083432,0.0
0.0,0.0,0.033445496,0.0,0.0,0.0,0.0,0.0,0.0,0.037745073,0.0,0.20475426,0.0,0.0,0.0,0.0,0.0,0.0,0.0,0.0,0.0,0.0,0.03638812,0.0,0.10842355,0.14538713,0.07987673,0.07160796,0.0,0.0,0.0,0.0,0.18666396,0.0,0.09238611,0.0,0.05418572,0.15687752,0.0,0.0,0.025643833,0.09041162,0.08314569,0.0,0.0,0.0,0.0,0.0,0.116418056,0.0
0.0,0.0,0.0,0.0,0.017156528,0.19157085,0.0,0.0,0.1428627,0.31377536,0.0,0.0,0.0,0.0,0.20053586,0.10692102,0.03452062,0.057196677,0.012655399,0.012305815,0.033010453,0.115890115,0.0,0.0,0.0,0.26899955,0.0,0.0,0.0,0.3034466,0.0,0.0,0.046765663,0.0,0.037388492,0.0,0.0,0.0,0.0,0.289698,0.0,0.0,0.0,0.043822847,0.04414963,0.0,0.0,0.0,0.05330492,0.01613577
0.0,0.0,0.0,0.0,0.21423447,0.328148,0.0,0.0,0.042782277,0.3294328,0.0,0.0,0.0,0.0,0.26775467,0.1975966,0.05485081,0.056399137,0.0,0.074560404,0.0,0.14623888,0.0,0.0,0.0,0.22746626,0.0,0.0,0.0,0.19332236,0.0,0.0,0.0,0.0,0.24961539,0.0,0.0,0.0,0.0,0.27757755,0.0,0.0,0.0,0.0,0.08287332,0.0,0.0,0.0,0.0,0.045877755
0.0,0.0,0.0,0.0,0.2405467,0.331752,0.0,0.0,0.06850645,0.351881,0.0,0.0,0.0,0.0,0.29419205,0.22294345,0.07823546,0.088381164,0.0,0.10089569,0.0039242934,0.17352559,0.0,0.0,0.0,0.24478704,0.0,0.0,0.0,0.2205092,0.0,0.0,0.0,0.0,0.26849824,0.0,0.0,0.0,0.0,0.30418006,0.0,0.0,0.0,0.0,0.094290815,0.0007575769,0.0,0.0,0.0,0.06673631
0.0,0.10313267,0.0,0.0,0.088622466,0.39259973,0.0,0.0,0.1782735,0.4638013,0.0,0.0,0.11872946,0.0,0.42070115,0.120152086,0.19814712,0.15542951,0.0,0.1780495,0.056947954,0.18629725,0.0,0.0,0.0,0.37165368,0.0,0.0,0.0,0.13243805,0.0,0.0,0.0,0.0,0.39003617,0.061721668,0.0,0.0,0.0,0.22730878,0.0,0.0,0.0,0.0,0.009359404,0.06135813,0.0,0.0,0.0,0.14999089
0.0,0.09683127,0.0,0.0,0.33471394,0.2910972,0.0,0.0,0.18773535,0.43213195,0.0,0.0,0.036299855,0.0,0.40169126,0.31135187,0.18516758,0.2065536,0.07397453,0.18400072,0.12398593,0.29583332,0.0,0.0,0.0,0.3107374,0.0,0.0,0.0,0.33783853,0.0,0.0,0.0,0.0,0.32508576,0.020661745,0.0,0.0,0.0,0.39929473,0.0,0.0,0.0,0.0,0.124828644,0.090319574,0.0,0.0,0.0,0.1353643
0.21011712,0.0,0.39061978,0.0,0.0,0.0,0.0,0.0,0.0,0.0,0.0045218244,0.5447243,0.0,0.0,0.0,0.0,0.0,0.0,0.0,0.0,0.0,0.0,0.497428,0.12925479,0.46056396,0.0,0.4762305,0.5251173,0.19498092,0.0,0.0,0.0,0.5256411,0.0,0.0,0.0,0.44680864,0.32161075,0.0,0.0,0.44758937,0.6124724,0.482163,0.14944622,0.0,0.0,0.0,0.0,0.50760216,0.0
0.0,0.46165743,0.0,0.0,0.38797176,0.11172776,0.0,0.0,0.348114,0.44543064,0.0,0.0,0.32450598,0.0010014297,0.35104373,0.35459414,0.29874727,0.32356408,0.3104585,0.24459316,0.4101268,0.40688112,0.0,0.0,0.0,0.4817312,0.0,0.0,0.0,0.37740064,0.18206052,0.0,0.0,0.0,0.1358652,0.0831484,0.0,0.0,0.0,0.33939153,0.0,0.0,0.0,0.0,0.10287615,0.19924289,0.0,0.19458197,0.0,0.37984133
0.0,0.33897638,0.0,0.0,0.29292452,0.38024482,0.0,0.0,0.3890194,0.5422527,0.0,0.0,0.2928951,0.0,0.5491647,0.30019102,0.34029827,0.31772605,0.17372099,0.30974105,0.26410228,0.40477252,0.0,0.0,0.0,0.43052834,0.0,0.0,0.0,0.3611425,0.21039172,0.0,0.0,0.0,0.41063234,0.2657081,0.0,0.0,0.0,0.3659024,0.0,0.0,0.0,0.0,0.05363007,0.15705474,0.0,0.022720508,0.0,0.26950356
0.0,0.36425558,0.0,0.0,0.4493555,0.14119118,0.0,0.0,0.3955535,0.39642432,0.0,0.0,0.36244485,0.0,0.43137735,0.46001145,0.29415926,0.41138113,0.4006269,0.2728488,0.40821117,0.4399439,0.0,0.0,0.0,0.4005197,0.0,0.0,0.0,0.5038509,0.23895398,0.0,0.0,0.0,0.17341031,0.033994365,0.0,0.0,0.0,0.4333819,0.0,0.0,0.0,0.0,0.14155781,0.25204197,0.0,0.1546187,0.0,0.3179243
0.0,0.38406664,0.0,0.0,0.48569837,0.20930545,0.0,0.0,0.42752838,0.4503679,0.0,0.0,0.3738079,0.0,0.482513,0.49503335,0.3215135,0.43998364,0.42115843,0.30988616,0.41718453,0.45825365,0.0,0.0,0.0,0.45428735,0.0,0.0,0.0,0.5359285,0.26306707,0.0,0.0,0.0,0.23036326,0.08025092,0.0,0.0,0.0,0.46234372,0.0,0.0,0.0,0.0,0.1847632,0.2803422,0.0,0.18926768,0.0,0.35298324
0.0,0.450716,0.0,0.0,0.5293342,0.12612185,0.0,0.0,0.46676967,0.4529439,0.0,0.0,0.45288318,0.0,0.5175434,0.5041014,0.37369552,0.4853139,0.48700604,0.3351237,0.48032826,0.53906906,0.0,0.0,0.0,0.43860883,0.0,0.0,0.0,0.58986175,0.3208413,0.0,0.0,0.0,0.22597317,0.054900497,0.0,0.0,0.0,0.49010774,0.0,0.0,0.0,0.03438703,0.10973167,0.3040551,0.0,0.18028775,0.0,0.34320295
0.0,0.44515514,0.0,0.0,0.3908741,0.37864915,0.0,0.0,0.49304482,0.6173421,0.0,0.0,0.36585465,0.0,0.64491147,0.38509274,0.4180066,0.40946168,0.26545626,0.37109762,0.36142087,0.536865,0.0,0.0,0.0,0.50269175,0.0,0.0,0.0,0.4783878,0.32402402,0.0,0.0,0.0,0.46701637,0.34261987,0.0,0.0,0.0,0.43363848,0.0,0.0,0.0,0.0,0.07944134,0.19377476,0.0,0.09107286,0.0,0.33092344
0.0,0.46260664,0.0,0.0,0.40714508,0.39183393,0.0,0.0,0.50981724,0.63883775,0.0,0.0,0.38206422,0.0,0.6692177,0.39905688,0.43374926,0.4246627,0.27984047,0.3871526,0.37475002,0.55290556,0.0,0.0,0.0,0.5185784,0.0,0.0,0.0,0.49624336,0.34264117,0.0,0.0,0.0,0.4855033,0.35607797,0.0,0.0,0.0,0.44813228,0.0,0.0,0.0,0.0,0.087678924,0.20604363,0.0,0.10312505,0.0,0.34314573
0.0,0.36854106,0.0,0.0,0.45000958,0.51046085,0.0,0.0,0.48204955,0.71827877,0.0,0.0,0.30578858,0.0,0.57500726,0.5937882,0.2972632,0.5079639,0.34106418,0.32397956,0.37273544,0.4342888,0.0,0.0,0.0,0.514487,0.0,0.0,0.0,0.61071706,0.13103905,0.0,0.0,0.0,0.2953157,0.13659827,0.0,0.0,0.0,0.6281489,0.0,0.0,0.0,0.0,0.29443157,0.2919665,0.0,0.0983969,0.0,0.36876634
0.11011934,0.0,0.18565477,0.0,0.0,0.09974496,0.0,0.0,0.0,0.03980992,0.0,0.02760984,0.0,0.0,0.0,0.0,0.0,0.0,0.0,0.0,0.0,0.0,0.0,0.00041258335,0.13290504,0.061406795,0.22058746,0.020535678,0.0,0.0,0.0,0.0,0.36115697,0.0,0.044427853,0.0,0.05174224,0.2887398,0.0,0.0,0.0023498815,0.0,0.036372848,0.0,0.0,0.0,0.0,0.0,0.103434555,0.0
0.0,0.3954736,0.0,0.0,0.45643708,0.29319084,0.0,0.0,0.672437,0.6010565,0.0,0.0,0.49965775,0.0,0.8173509,0.533656,0.49144524,0.5815686,0.43468064,0.45592892,0.49200714,0.6221499,0.0,0.0,0.0,0.5200585,0.0,0.0,0.0,0.5531082,0.49859136,0.0,0.0,0.0,0.45815313,0.42808738,0.0,0.0,0.0,0.47828045,0.0,0.0,0.0,0.0,0.31730512,0.2808195,0.0,0.1678962,0.0,0.4457652
0.0,0.5772281,0.0,0.0,0.46656007,0.44918317,0.0,0.0,0.610314,0.707332,0.0,0.0,0.53783214,0.0716103,0.73404723,0.5957656,0.4833811,0.5577635,0.4640719,0.45293623,0.5226356,0.5405788,0.0,0.0,0.0,0.60553616,0.0,0.0,0.0,0.70373505,0.3290822,0.0,0.0,0.0,0.2650675,0.33382788,0.0,0.0,0.0,0.556191,0.0,0.0,0.0,0.0,0.25013778,0.3143907,0.0,0.25989535,0.0,0.508614
0.24048321,0.0,0.62612534,0.0,0.0,0.0,0.0,0.22723332,0.0,0.0,0.13870685,0.73092204,0.0,0.0,0.0,0.0,0.0,0.0,0.0,0.0,0.0,0.0,0.49289417,0.12927285,0.5629752,0.0,0.46788496,0.34837082,0.22099347,0.0,0.0,0.0628836,0.6324703,0.0,0.0,0.0,0.5197388,0.25330785,0.0,0.0,0.41904712,0.5753578,0.14606643,0.37683344,0.0,0.0,0.0,0.0,0.7507048,0.0
0.0,0.49448463,0.0,0.0,0.5799538,0.5851133,0.0,0.0,0.59455574,0.80962497,0.0,0.0,0.4515613,0.038566448,0.7105751,0.71074295,0.42330813,0.632294,0.4832711,0.4199498,0.48389,0.5269126,0.0,0.0,0.0,0.5907365,0.0,0.0,0.0,0.71437454,0.2762128,0.0,0.0,0.0,0.35198826,0.25345552,0.0,0.0,0.0,0.6979178,0.0,0.0,0.0,0.0,0.34525934,0.39676207,0.0,0.23155989,0.0,0.47454578
0.0,0.5100838,0.0,0.0,0.6329959,0.45350638,0.0,0.0,0.6279004,0.68433946,0.0,0.0,0.4889205,0.033872325,0.70931,0.81729317,0.38099214,0.6770561,0.4982448,0.43291125,0.54595566,0.49748778,0.0,0.0,0.0,0.55329484,0.0,0.0,0.0,0.7575738,0.27788106,0.0,0.0,0.0,0.20298228,0.30642074,0.0,0.0,0.0,0.7104217,0.0,0.0,0.0,0.0,0.32609412,0.4374772,0.0,0.2965489,0.0,0.436056
0.0,0.6883403,0.0,0.0,0.58839625,0.63227177,0.0,0.0,0.7023267,0.90432346,0.0,0.0,0.63401216,0.03777,0.91932416,0.6959501,0.5708254,0.6790189,0.49707422,0.5338867,0.54855436,0.6199617,0.0,0.0,0.0,0.71652067,0.0,0.0,0.0,0.7463853,0.43185502,0.0,0.0,0.0,0.47367173,0.4064633,0.0,0.0,0.0,0.6663776,0.0,0.0,0.0,0.0,0.30300054,0.40063757,0.0,0.33423406,0.0,0.56581694
0.0,0.6535731,0.0,0.0,0.72385955,0.59968495,0.0,0.0,0.7513585,0.9048531,0.0,0.0,0.6264946,0.07844296,0.89642483,0.86646676,0.58436054,0.7711521,0.6457021,0.5316102,0.64566904,0.6501668,0.0,0.0,0.0,0.7186128,0.0,0.0,0.0,0.93035686,0.41933715,0.0,0.0,0.0,0.39627984,0.39963174,0.0,0.0,0.0,0.797382,0.0,0.0,0.0,0.0,0.38974038,0.51799905,0.0,0.36020523,0.0,0.6038228
0.07332623,0.0,0.24372421,0.0,0.0,0.0,0.0,0.0,0.0,0.0,0.0,0.5646403,0.0,0.0,0.0,0.0,0.0,0.0,0.0,0.0,0.0,0.0,0.27449995,0.0,0.32574907,0.0,0.14195734,0.16258818,0.0,0.0,0.0,0.0,0.2705354,0.0,0.0,0.0,0.18640895,0.17758116,0.0,0.0,0.19693595,0.23298198,0.24373643,0.15805966,0.0,0.0,0.0,0.0,0.23426297,0.0
0.0,0.68441147,0.0,0.0,0.7440979,0.45060608,0.0,0.0,0.3992983,0.94066167,0.0,0.0,0.44058856,0.56258076,0.93808115,0.56846374,0.8522379,0.6085908,0.8135971,0.23525777,0.5729999,0.9338626,0.0,0.0,0.0,0.7944729,0.0,0.0,0.0,0.87174207,0.8105718,0.0,0.0,0.0,0.5537644,0.48168996,0.0,0.0,0.0,0.6476678,0.0,0.0,0.0,0.0,0.81699246,0.6491779,0.0,0.47727543,0.0,0.61680764
0.0,0.6762961,0.0,0.0,0.7514384,0.60659444,0.0,0.0,0.7743422,0.9274192,0.0,0.0,0.64832574,0.082668886,0.9275452,0.89081776,0.608465,0.79509187,0.6678741,0.5507601,0.66905165,0.67192495,0.0,0.0,0.0,0.7420966,0.0,0.0,0.0,0.9609576,0.44216776,0.0,0.0,0.0,0.4158072,0.41859457,0.0,0.0,0.0,0.8163829,0.0,0.0,0.0,0.0,0.40102595,0.53526956,0.0,0.3757738,0.0,0.62095445
0.0,0.67903554,0.0,0.0,0.7549488,0.609324,0.0,0.0,0.7765401,0.9313458,0.0,0.0,0.65048534,0.0824115,0.9314834,0.8935364,0.61066324,0.79833215,0.66963935,0.5531687,0.67107713,0.6747102,0.0,0.0,0.0,0.7452158,0.0,0.0,0.0,0.96364355,0.44457424,0.0,0.0,0.0,0.42043543,0.42086488,0.0,0.0,0.0,0.81907356,0.0,0.0,0.0,0.0,0.4024041,0.5371276,0.0,0.37724012,0.0,0.62244695
0.07934588,0.0,0.2443754,0.0,0.103840314,0.0,0.0,0.11541396,0.0,0.0,0.13408852,0.3669866,0.0,0.0,0.008909866,0.013719958,0.0,0.0,0.0,0.0,0.025557766,0.3070701,0.27455574,0.0,0.25699764,0.039277274,0.16329205,0.20931391,0.0,0.013298346,0.0073686615,0.12744617,0.2563501,0.0,0.07055201,0.0,0.29807943,0.17621318,0.19895095,0.029196005,0.25884798,0.42165452,0.36867428,0.22111121,0.0,0.0,0.16324373,0.0,0.21064417,0.0
0.0,0.6941139,0.0,0.0,0.84469044,0.5046043,0.0,0.0,0.817115,0.85926765,0.0,0.0,0.6999777,0.08926173,0.97173524,1.0127916,0.5892174,0.8497831,0.7074785,0.5852631,0.7352911,0.69764,0.0,0.0,0.0,0.7520397,0.0,0.0,0.0,0.99555206,0.46173483,0.0,0.0,0.0,0.3537779,0.46789944,0.0,0.0,0.0,0.8529709,0.0,0.0,0.0,0.0,0.38623697,0.57107884,0.0,0.39615655,0.0,0.62345797
0.0,0.8352383,0.0,0.0,0.7655503,0.69112027,0.0,0.0,0.83287686,1.0386523,0.0,0.0,0.7851197,0.045676894,1.090603,0.83012116,0.69910955,0.8252666,0.64476186,0.65474737,0.6994305,0.76376754,0.0,0.0,0.0,0.833983,0.0,0.0,0.0,0.91730464,0.56718946,0.0,0.0,0.0,0.57661784,0.5179405,0.0,0.0,0.0,0.79455256,0.0,0.0,0.0,0.0,0.36117244,0.50269717,0.0,0.44375312,0.0,0.67190516
0.0,0.8409984,0.0,0.0,0.77268004,0.6963657,0.0,0.0,0.8382461,1.0461442,0.0,0.0,0.79066074,0.04548575,1.0993667,0.83590204,0.7040475,0.8317363,0.6495319,0.6598632,0.7040438,0.7694951,0.0,0.0,0.0,0.8406198,0.0,0.0,0.0,0.92351925,0.572815,0.0,0.0,0.0,0.58391625,0.522278,0.0,0.0,0.0,0.7999042,0.0,0.0,0.0,0.0,0.36406752,0.50711447,0.0,0.44747168,0.0,0.67659295
0.0,0.7652085,0.0,0.0,0.8447528,0.5431785,0.0,0.0,0.8680277,0.98749936,0.0,0.0,0.7517409,0.10476198,1.0233692,0.97080797,0.72312254,0.8533976,0.7846544,0.625389,0.7532526,0.79503036,0.0,0.0,0.0,0.83216155,0.0,0.0,0.0,1.0934099,0.56304574,0.0,0.0,0.0,0.4705776,0.46758506,0.0,0.0,0.0,0.85979116,0.0,0.0,0.0,0.0,0.3908246,0.5830051,0.0,0.4132429,0.0,0.6806192
0.0,0.865696,0.0,0.0,0.80056274,0.70768154,0.0,0.0,0.8598302,1.0695324,0.0,0.0,0.81248796,0.047875773,1.1292052,0.8564517,0.7251831,0.85532075,0.67448413,0.6794899,0.72984946,0.7952658,0.0,0.0,0.0,0.8622549,0.0,0.0,0.0,0.9522716,0.5944687,0.0,0.0,0.0,0.60327363,0.54339206,0.0,0.0,0.0,0.8202367,0.0,0.0,0.0,0.0,0.3751071,0.5227418,0.0,0.463006,0.0,0.6952024
0.0,0.900285,0.0,0.0,0.8708219,0.6518816,0.0,0.0,0.885486,0.99306333,0.0,0.0,0.8357037,0.069213085,1.1382848,0.96211797,0.68536353,0.8984795,0.72513247,0.70438933,0.79114914,0.83917636,0.0,0.0,0.0,0.89007664,0.0,0.0,0.0,1.015544,0.5937524,0.0,0.0,0.0,0.5372328,0.6161954,0.0,0.0,0.0,0.83827305,0.0,0.0,0.0,0.0,0.3864487,0.54753184,0.0,0.48613918,0.0,0.7080123
0.0,0.6618636,0.0,0.0,0.9311402,0.37961116,0.0,0.0,0.6381618,1.0344819,0.0,0.0,0.5360711,0.5299353,1.0949944,0.7480061,1.024496,0.78536093,1.0291352,0.4069943,0.68083376,1.0459702,0.0,0.0,0.0,0.91087264,0.0,0.0,0.0,1.0539254,0.9141108,0.0,0.15067077,0.0,0.55878955,0.48144278,0.0,0.0,0.0,0.83536655,0.0,0.0,0.0,0.0,0.7200903,0.7043518,0.0,0.69488835,0.0,0.77373385
0.0,0.9424391,0.0,0.0,0.88525915,0.7210562,0.0,0.0,0.9318439,1.1323397,0.0,0.0,0.876753,0.06491223,1.2236346,0.9185292,0.79992414,0.9144608,0.7710462,0.7349605,0.8208657,0.89772666,0.0,0.0,0.0,0.92916554,0.0,0.0,0.0,1.0562133,0.66974556,0.0,0.0,0.0,0.64771837,0.6193147,0.0,0.0,0.0,0.87650275,0.0,0.0,0.0,0.0,0.41113794,0.5715023,0.0,0.5070381,0.0,0.74918884
0.0,0.9009623,0.0,0.0,0.7653783,0.7122586,0.0,0.0,0.8262136,1.1643704,0.0,0.0,0.8599961,0.07235015,1.2049723,0.85993445,0.8933119,0.84002215,0.70628816,0.68161696,0.89812195,0.9619836,0.0,0.0,0.0,1.0320607,0.0,0.0,0.0,1.1159965,0.80058694,0.0,0.0,0.0,0.7607323,0.7513549,0.0,0.0,0.0,0.8325416,0.0,0.0,0.0,0.0,0.46524438,0.6659435,0.0,0.42109194,0.0,0.691927
0.0,0.90812707,0.0,0.0,0.86143327,0.5882561,0.0,0.0,0.9773005,0.94116145,0.0,0.0,0.94593364,0.23834337,1.2357267,0.8383565,0.8252908,0.9248765,0.88432395,0.71927387,0.8681166,0.99201506,0.0,0.0,0.0,0.94234574,0.0,0.0,0.0,1.0914116,0.9033452,0.0,0.0,0.0,0.5259848,0.8432484,0.0,0.0,0.0,0.85093856,0.0,0.0,0.0,0.0,0.47055647,0.6554967,0.0,0.55687803,0.0,0.7666699
0.0,0.9530717,0.0,0.0,0.92078775,0.6312319,0.0,0.0,0.8687239,1.1197047,0.0,0.0,0.8082156,0.0,1.2590173,0.9493705,0.84881186,0.83157885,0.63428414,0.78644663,0.898108,1.0910435,0.0,0.0,0.0,0.9497988,0.0,0.0,0.0,1.1690674,0.8039327,0.0,0.0,0.0,0.9169244,0.7671614,0.0,0.0,0.0,0.7998034,0.0,0.0,0.0,0.0,0.41438293,0.61755925,0.0,0.39902088,0.0,0.7284052
0.0,0.8676958,0.0,0.0,1.0231404,0.6573715,0.0,0.0,0.5546852,1.0314308,0.0,0.0,0.6189003,0.6424645,1.198736,0.8735951,1.0032241,0.93532103,0.9509872,0.4171963,0.73640114,1.00913,0.0,0.0,0.0,0.9823377,0.0,0.0,0.0,1.1491747,0.8657684,0.0,0.0,0.0,0.621197,0.6928909,0.0,0.0,0.0,0.9484034,0.0,0.0,0.0,0.0,0.9562196,0.8719761,0.0,0.7515211,0.0,0.82584876
0.0,1.0256808,0.0,0.0,0.99441385,0.6988456,0.0,0.0,1.0145178,1.1102185,0.0,0.0,0.95042485,0.08087492,1.2995083,1.0621527,0.8002794,1.0083454,0.8610911,0.79620177,0.91717464,0.9824167,0.0,0.0,0.0,1.0050104,0.0,0.0,0.0,1.1557174,0.7262454,0.0,0.0,0.0,0.6227308,0.72853,0.0,0.0,0.0,0.9178733,0.0,0.0,0.0,0.0,0.44591358,0.63482714,0.0,0.54925793,0.0,0.81189287
0.0,1.0330434,0.0,0.0,0.99150044,0.7339779,0.0,0.0,1.0505619,1.213876,0.0,0.0,0.9594104,0.06750731,1.3536553,1.0162263,0.9074771,0.9935326,0.9033069,0.80617785,0.9510605,1.0483245,0.0,0.0,0.0,1.04058,0.0,0.0,0.0,1.2047017,0.775809,0.0,0.0,0.0,0.7279833,0.71000886,0.0,0.0,0.0,0.9352439,0.0,0.0,0.0,0.0,0.4290497,0.62862843,0.0,0.54885983,0.0,0.82217413
0.0,1.0545154,0.0,0.0,1.0163715,0.74014735,0.0,0.0,1.0791653,1.2368056,0.0,0.0,0.97833663,0.06615291,1.3848513,1.038207,0.9311509,1.0149955,0.92783993,0.8225436,0.976817,1.0794303,0.0,0.0,0.0,1.0666196,0.0,0.0,0.0,1.2331605,0.8014592,0.0,0.0,0.0,0.75026387,0.72940266,0.0,0.0,0.0,0.9493188,0.0,0.0,0.0,0.0,0.43455306,0.64308006,0.0,0.5602368,0.0,0.83808273
0.14894933,0.0,0.30808452,0.0,0.0,0.0,0.0,0.0,0.0,0.0,0.028618228,0.4160108,0.0,0.0,0.0,0.0,0.0,0.0,0.0,0.0,0.0,0.0,0.3294633,0.0,0.3625216,0.0,0.36341658,0.30204284,0.0,0.0,0.0,0.0,0.3485926,0.0,0.0,0.0,0.36752826,0.20815253,0.0,0.0,0.20456111,0.37026912,0.31317294,0.20662269,0.0,0.0,0.0,0.0,0.29094738,0.0
0.0,1.3775651,0.0,0.0,1.5428503,0.7143487,0.0,0.0,1.4986653,1.3792114,0.0,0.0,1.3493096,0.26407582,1.828289,1.4740976,1.1623511,1.474614,1.3295348,1.1097318,1.351848,1.498243,0.0,0.0,0.0,1.4276968,0.0,0.0,0.0,1.6852753,1.2177526,0.0,0.0,0.0,0.78039074,1.1720991,0.0,0.0,0.0,1.2193215,0.0,0.0,0.0,0.0,0.6138827,0.9202093,0.0,0.80065644,0.0,1.221409
0.07666378,0.27172574,0.034428146,0.0,0.3868509,0.007005457,0.0,0.0,0.0,0.12783702,0.14817785,0.0,0.100714885,0.0,0.3453395,0.3058052,0.0,0.2415457,0.21403533,0.017389722,0.29649746,0.22997878,0.0,0.0,0.28370523,0.34006086,0.0,0.0,0.14739886,0.22399956,0.0,0.0,0.29733643,0.0,0.0,0.042911176,0.083317906,0.20507896,0.0,0.34617025,0.2566004,0.085495606,0.0,0.16067067,0.040536705,0.13091643,0.0,0.23482043,0.15781543,0.0698901
0.087033436,0.050699748,0.1657151,0.0,0.078048885,0.0,0.0,0.06380747,0.0,0.0,0.20794648,0.0,0.0,0.0,0.016754128,0.0,0.0,0.0,0.073641226,0.0,0.074547805,0.10258807,0.0,0.0,0.28885472,0.049220618,0.025780171,0.0,0.06376972,0.0,0.0,0.051283922,0.25023812,0.0,0.0,0.0,0.22249818,0.1600349,0.13954745,0.10524967,0.20492765,0.1952667,0.029094912,0.12992898,0.0018436424,0.0,0.0,0.0,0.18010572,0.0
0.27703625,0.0,0.59876,0.0,0.0,0.0,0.0,0.20063086,0.0,0.0,0.18650296,0.64738196,0.0,0.0,0.0,0.0,0.0,0.0,0.0,0.0,0.0,0.0,0.47368255,0.2717261,0.65817463,0.0,0.5470308,0.3435495,0.39381707,0.0,0.0,0.013892729,0.6888426,0.0,0.0,0.0,0.4363289,0.31144613,0.0,0.0,0.5576839,0.51076937,0.021257512,0.30531558,0.0,0.0,0.0,0.0,0.81034267,0.0
0.0,0.0,0.21476395,0.0,0.0,0.0,0.0,0.0,0.0,0.0,0.0,0.19882722,0.0,0.0,0.0,0.0,0.0,0.0,0.069556296,0.0,0.0519406,0.17953725,0.06292548,0.0,0.19754604,0.031289622,0.09674817,0.025513433,0.0,0.0,0.08317529,0.0,0.24626306,0.0,0.0,0.0,0.34239975,0.0,0.0,0.0,0.038851902,0.17409159,0.0,0.104242794,0.0,0.0,0.0,0.0,0.37651676,0.0
0.0,0.08380827,0.22186945,0.0,0.20293877,0.0,0.0,0.023168182,0.20170039,0.010107975,0.12541273,0.0,0.14715609,0.0,0.053045318,0.22517431,0.0,0.04192107,0.13825831,0.0,0.13123503,0.34224528,0.15252575,0.0,0.17393318,0.06653285,0.21192127,0.0,0.031204492,0.058143742,0.098901466,0.0,0.20026341,0.0,0.0,0.0,0.24801725,0.04112138,0.016123995,0.12686494,0.27826676,0.36173147,0.0,0.05320435,0.046802722,0.0,0.0,0.0,0.2595357,0.0
0.20732172,0.0,0.15507245,0.0,0.0,0.09479089,0.0,0.0,0.0,0.0,0.0,0.007684596,0.0,0.0,0.11832953,0.0,0.0,0.0,0.0,0.0,0.0,0.0,0.1329653,0.1302968,0.21133357,0.091592565,0.19410086,0.0863708,0.18898754,0.0,0.0,0.0,0.46276104,0.0,0.05656631,0.0,0.071264595,0.4174335,0.0,0.0,0.17736827,0.011346221,0.0,0.0,0.0,0.0,0.0,0.0,0.23291649,0.0
0.23768534,0.0,0.48542506,0.0,0.0,0.0,0.0,0.0,0.0,0.0,0.0,0.4718201,0.0,0.0,0.0,0.0,0.0,0.0,0.0,0.0,0.0,0.0,0.3081974,0.13337184,0.53359604,0.0,0.5226173,0.2560337,0.056500487,0.0,0.0,0.0,0.59462005,0.0,0.0,0.0,0.33434963,0.35253453,0.0,0.0,0.38402838,0.26313412,0.19573933,0.1790188,0.0,0.0,0.0,0.0,0.38874045,0.0
0.18740772,0.0,0.42782068,0.0,0.0,0.0,0.0,0.0,0.0,0.0,0.0,0.42135626,0.0,0.0,0.0,0.0,0.0,0.0,0.0,0.0,0.0,0.0,0.27024412,0.08703597,0.47867486,0.0,0.48039418,0.2268103,0.009588428,0.0,0.0,0.0,0.5340685,0.0,0.0,0.0,0.29992816,0.31176943,0.0,0.0,0.3268467,0.23350644,0.1675024,0.15837157,0.0,0.0,0.0,0.0,0.34353396,0.0
0.2982092,0.0,0.38193908,0.0,0.0,0.0,0.0,0.0,0.0,0.0,0.0,0.7166306,0.0,0.0,0.0,0.0,0.0,0.0,0.0,0.0,0.0,0.0,0.35198966,0.05502205,0.5838467,0.0,0.25202358,0.2496694,0.2358576,0.0,0.0,0.0,0.5438013,0.0,0.0,0.0,0.29905108,0.3628939,0.0,0.0,0.40369743,0.23838577,0.0,0.16791618,0.0,0.0,0.0,0.0,0.510408,0.0
0.19921184,0.0,0.37843624,0.0,0.0,0.0,0.0,0.0,0.0,0.0,0.0,0.41953927,0.0,0.0,0.0,0.0,0.0,0.0,0.0,0.0,0.0,0.0,0.26501542,0.1166856,0.4576755,0.0,0.47392735,0.23803309,0.10950127,0.0,0.0,0.0,0.5240569,0.0,0.0,0.0,0.2801043,0.32064182,0.0,0.0,0.40255487,0.20281023,0.103310294,0.087241605,0.0,0.0,0.0,0.0,0.39553607,0.0
0.23799999,0.0,0.4051879,0.0,0.0,0.0,0.0,0.0,0.0,0.0,0.0,0.43402904,0.0,0.0,0.0,0.0,0.0,0.0,0.0,0.0,0.0,0.0,0.38231868,0.23868391,0.58070934,0.0,0.5666215,0.31796512,0.4607213,0.0,0.0,0.0,0.7812107,0.0,0.0,0.0,0.31152976,0.41387272,0.0,0.0,0.6875795,0.25583002,0.0,0.0,0.0,0.0,0.0,0.0,0.60191345,0.0
0.51157594,0.0,0.46859634,0.0,0.0,0.0,0.0,0.0,0.0,0.0,0.0,0.076459214,0.0,0.0,0.051287644,0.0,0.0,0.0,0.0,0.0,0.0,0.0,0.33274874,0.41957238,0.69609433,0.020716498,0.4238568,0.108240426,0.5855898,0.0,0.0,0.0,0.9133809,0.0,0.0,0.0,0.14318137,0.8358238,0.0,0.0,0.63467634,0.100635104,0.0,0.0,0.0,0.0,0.0,0.0,0.5710554,0.0
